community_id	sequence_id	sample	hap	chromosome	bp_length
9	BnXiaoyun#1#A10	BnXiaoyun	1	A10	23593228
9	BnXiaoyun#1#C09	BnXiaoyun	1	C09	62717164
9	Da-Ae#1#A10	Da-Ae	1	A10	19559996
9	Da-Ae#1#C09	Da-Ae	1	C09	64956572
9	Da-Ae#1#C09_Random_40	Da-Ae	1	C09_Random_40	32287
9	Darmor#1#A10	Darmor	1	A10	20778245
9	Darmor#1#C09	Darmor	1	C09	66465249
9	Express617#1#A10	Express617	1	A10	20498486
9	Express617#1#C09	Express617	1	C09	60209689
9	Express617#1#R199_chrC09	Express617	1	R199_chrC09	687401
9	Express617#1#R3_chrC09	Express617	1	R3_chrC09	3135255
9	GanganF73#1#A10	GanganF73	1	A10	24379196
9	GanganF73#1#C09	GanganF73	1	C09	63602739
9	GH06#1#A10	GH06	1	A10	22116513
9	GH06#1#C09	GH06	1	C09	53234548
9	No2127#1#A10	No2127	1	A10	21441692
9	No2127#1#C09	No2127	1	C09	61068053
9	NTS57#1#A10	NTS57	1	A10	26527384
9	NTS57#1#C09	NTS57	1	C09	67699526
9	QuintaA#1#A10	QuintaA	1	A10	24204787
9	QuintaA#1#C09	QuintaA	1	C09	63235258
9	Shengli3#1#A10	Shengli3	1	A10	20220739
9	Shengli3#1#C09	Shengli3	1	C09	56715283
9	Tapidor3#1#A10	Tapidor3	1	A10	25274410
9	Tapidor3#1#C09	Tapidor3	1	C09	66565279
9	Westar#1#A10	Westar	1	A10	26564201
9	Westar#1#C09	Westar	1	C09	64409414
9	Xiang5A#1#A05	Xiang5A	1	A05	26714907
9	Xiang5A#1#C06	Xiang5A	1	C06	68551219
9	Zheyou73#1#A10	Zheyou73	1	A10	24607451
9	Zheyou73#1#C09	Zheyou73	1	C09	65173479
9	ZS11#1#A10	ZS11	1	A10	26592803
9	ZS11#1#C09	ZS11	1	C09	68416614
9	Zy821#1#A10	Zy821	1	A10	23227447
9	Zy821#1#C09	Zy821	1	C09	54973523
16	Da-Ae#1#C03_Random_12	Da-Ae	1	C03_Random_12	3725
8	BnXiaoyun#1#A09	BnXiaoyun	1	A09	61361188
8	Da-Ae#1#A09	Da-Ae	1	A09	45044935
8	Darmor#1#A09	Darmor	1	A09	53549826
8	Express617#1#A09	Express617	1	A09	43308710
8	GanganF73#1#A09	GanganF73	1	A09	69520783
8	GH06#1#A09	GH06	1	A09	47787757
8	No2127#1#A09	No2127	1	A09	68282462
8	NTS57#1#A09	NTS57	1	A09	74001672
8	QuintaA#1#A09	QuintaA	1	A09	69118063
8	Shengli3#1#A09	Shengli3	1	A09	69970591
8	Tapidor3#1#A09	Tapidor3	1	A09	63820574
8	Westar#1#A09	Westar	1	A09	67849243
8	Xiang5A#1#A04	Xiang5A	1	A04	69545683
8	Zheyou73#1#A09	Zheyou73	1	A09	64447344
8	ZS11#1#A09	ZS11	1	A09	65862748
8	Zy821#1#A09	Zy821	1	A09	48811115
10	BnXiaoyun#1#C07	BnXiaoyun	1	C07	59982252
10	Da-Ae#1#A07_Random_1	Da-Ae	1	A07_Random_1	3322
10	Da-Ae#1#C07	Da-Ae	1	C07	54958258
10	Da-Ae#1#C07_Random_17	Da-Ae	1	C07_Random_17	21457
10	Da-Ae#1#C07_Random_33	Da-Ae	1	C07_Random_33	51552
10	Darmor#1#C07	Darmor	1	C07	55656957
10	Express617#1#C07	Express617	1	C07	39009375
10	Express617#1#R121_chrC07	Express617	1	R121_chrC07	1493732
10	Express617#1#R123_chrC07	Express617	1	R123_chrC07	1261777
10	Express617#1#R1_chrC07	Express617	1	R1_chrC07	1323423
10	Express617#1#R24_chrC07	Express617	1	R24_chrC07	873505
10	Express617#1#R877450_chrC07	Express617	1	R877450_chrC07	3693523
10	GanganF73#1#C07	GanganF73	1	C07	60504736
10	GH06#1#C07	GH06	1	C07	61312602
10	No2127#1#C07	No2127	1	C07	59911058
10	NTS57#1#C07	NTS57	1	C07	61896003
10	QuintaA#1#C07	QuintaA	1	C07	59821549
10	Shengli3#1#C07	Shengli3	1	C07	57612675
10	Tapidor3#1#C07	Tapidor3	1	C07	61376810
10	Westar#1#C07	Westar	1	C07	55243557
10	Xiang5A#1#C09	Xiang5A	1	C09	61807080
10	Zheyou73#1#C07	Zheyou73	1	C07	60142069
10	ZS11#1#C07	ZS11	1	C07	60986212
10	Zy821#1#C07	Zy821	1	C07	61457271
11	Da-Ae#1#A01_Random_1	Da-Ae	1	A01_Random_1	24226
11	Da-Ae#1#A01_Random_10	Da-Ae	1	A01_Random_10	27620
11	Da-Ae#1#A01_Random_11	Da-Ae	1	A01_Random_11	86179
11	Da-Ae#1#A01_Random_12	Da-Ae	1	A01_Random_12	135398
11	Da-Ae#1#A01_Random_13	Da-Ae	1	A01_Random_13	18019
11	Da-Ae#1#A01_Random_14	Da-Ae	1	A01_Random_14	34933
11	Da-Ae#1#A01_Random_15	Da-Ae	1	A01_Random_15	38290
11	Da-Ae#1#A01_Random_16	Da-Ae	1	A01_Random_16	4112
11	Da-Ae#1#A01_Random_17	Da-Ae	1	A01_Random_17	33613
11	Da-Ae#1#A01_Random_18	Da-Ae	1	A01_Random_18	32069
11	Da-Ae#1#A01_Random_19	Da-Ae	1	A01_Random_19	30319
11	Da-Ae#1#A01_Random_2	Da-Ae	1	A01_Random_2	25170
11	Da-Ae#1#A01_Random_22	Da-Ae	1	A01_Random_22	33371
11	Da-Ae#1#A01_Random_23	Da-Ae	1	A01_Random_23	12978
11	Da-Ae#1#A01_Random_24	Da-Ae	1	A01_Random_24	29592
11	Da-Ae#1#A01_Random_25	Da-Ae	1	A01_Random_25	41955
11	Da-Ae#1#A01_Random_26	Da-Ae	1	A01_Random_26	37850
11	Da-Ae#1#A01_Random_27	Da-Ae	1	A01_Random_27	28491
11	Da-Ae#1#A01_Random_28	Da-Ae	1	A01_Random_28	35992
11	Da-Ae#1#A01_Random_29	Da-Ae	1	A01_Random_29	49135
11	Da-Ae#1#A01_Random_3	Da-Ae	1	A01_Random_3	37857
11	Da-Ae#1#A01_Random_30	Da-Ae	1	A01_Random_30	5571
11	Da-Ae#1#A01_Random_31	Da-Ae	1	A01_Random_31	19821
11	Da-Ae#1#A01_Random_32	Da-Ae	1	A01_Random_32	37817
11	Da-Ae#1#A01_Random_33	Da-Ae	1	A01_Random_33	56174
11	Da-Ae#1#A01_Random_34	Da-Ae	1	A01_Random_34	75363
11	Da-Ae#1#A01_Random_35	Da-Ae	1	A01_Random_35	26392
11	Da-Ae#1#A01_Random_36	Da-Ae	1	A01_Random_36	43750
11	Da-Ae#1#A01_Random_4	Da-Ae	1	A01_Random_4	26094
11	Da-Ae#1#A01_Random_5	Da-Ae	1	A01_Random_5	43810
11	Da-Ae#1#A01_Random_6	Da-Ae	1	A01_Random_6	12979
11	Da-Ae#1#A01_Random_7	Da-Ae	1	A01_Random_7	27678
11	Da-Ae#1#A01_Random_8	Da-Ae	1	A01_Random_8	61718
11	Da-Ae#1#A01_Random_9	Da-Ae	1	A01_Random_9	22047
11	Da-Ae#1#A02_Random_10	Da-Ae	1	A02_Random_10	27369
11	Da-Ae#1#A02_Random_12	Da-Ae	1	A02_Random_12	20092
11	Da-Ae#1#A02_Random_13	Da-Ae	1	A02_Random_13	44363
11	Da-Ae#1#A02_Random_14	Da-Ae	1	A02_Random_14	8264
11	Da-Ae#1#A02_Random_15	Da-Ae	1	A02_Random_15	30077
11	Da-Ae#1#A02_Random_16	Da-Ae	1	A02_Random_16	20890
11	Da-Ae#1#A02_Random_17	Da-Ae	1	A02_Random_17	39837
11	Da-Ae#1#A02_Random_18	Da-Ae	1	A02_Random_18	17217
11	Da-Ae#1#A02_Random_19	Da-Ae	1	A02_Random_19	20515
11	Da-Ae#1#A02_Random_2	Da-Ae	1	A02_Random_2	58468
11	Da-Ae#1#A02_Random_20	Da-Ae	1	A02_Random_20	16568
11	Da-Ae#1#A02_Random_21	Da-Ae	1	A02_Random_21	23479
11	Da-Ae#1#A02_Random_22	Da-Ae	1	A02_Random_22	35675
11	Da-Ae#1#A02_Random_23	Da-Ae	1	A02_Random_23	17566
11	Da-Ae#1#A02_Random_24	Da-Ae	1	A02_Random_24	25021
11	Da-Ae#1#A02_Random_25	Da-Ae	1	A02_Random_25	30200
11	Da-Ae#1#A02_Random_26	Da-Ae	1	A02_Random_26	64510
11	Da-Ae#1#A02_Random_27	Da-Ae	1	A02_Random_27	27041
11	Da-Ae#1#A02_Random_28	Da-Ae	1	A02_Random_28	32692
11	Da-Ae#1#A02_Random_29	Da-Ae	1	A02_Random_29	48077
11	Da-Ae#1#A02_Random_3	Da-Ae	1	A02_Random_3	41779
11	Da-Ae#1#A02_Random_30	Da-Ae	1	A02_Random_30	44403
11	Da-Ae#1#A02_Random_31	Da-Ae	1	A02_Random_31	45962
11	Da-Ae#1#A02_Random_32	Da-Ae	1	A02_Random_32	26556
11	Da-Ae#1#A02_Random_33	Da-Ae	1	A02_Random_33	35338
11	Da-Ae#1#A02_Random_34	Da-Ae	1	A02_Random_34	25671
11	Da-Ae#1#A02_Random_35	Da-Ae	1	A02_Random_35	59295
11	Da-Ae#1#A02_Random_36	Da-Ae	1	A02_Random_36	35823
11	Da-Ae#1#A02_Random_37	Da-Ae	1	A02_Random_37	31542
11	Da-Ae#1#A02_Random_38	Da-Ae	1	A02_Random_38	32188
11	Da-Ae#1#A02_Random_39	Da-Ae	1	A02_Random_39	29451
11	Da-Ae#1#A02_Random_4	Da-Ae	1	A02_Random_4	34204
11	Da-Ae#1#A02_Random_40	Da-Ae	1	A02_Random_40	44732
11	Da-Ae#1#A02_Random_5	Da-Ae	1	A02_Random_5	23311
11	Da-Ae#1#A02_Random_6	Da-Ae	1	A02_Random_6	21656
11	Da-Ae#1#A02_Random_8	Da-Ae	1	A02_Random_8	48518
11	Da-Ae#1#A02_Random_9	Da-Ae	1	A02_Random_9	13799
11	Da-Ae#1#A03_Random_10	Da-Ae	1	A03_Random_10	6465
11	Da-Ae#1#A03_Random_11	Da-Ae	1	A03_Random_11	30059
11	Da-Ae#1#A03_Random_12	Da-Ae	1	A03_Random_12	28373
11	Da-Ae#1#A03_Random_13	Da-Ae	1	A03_Random_13	31662
11	Da-Ae#1#A03_Random_14	Da-Ae	1	A03_Random_14	32012
11	Da-Ae#1#A03_Random_16	Da-Ae	1	A03_Random_16	44200
11	Da-Ae#1#A03_Random_3	Da-Ae	1	A03_Random_3	15069
11	Da-Ae#1#A03_Random_4	Da-Ae	1	A03_Random_4	19398
11	Da-Ae#1#A03_Random_5	Da-Ae	1	A03_Random_5	33289
11	Da-Ae#1#A03_Random_6	Da-Ae	1	A03_Random_6	32529
11	Da-Ae#1#A03_Random_7	Da-Ae	1	A03_Random_7	3725
11	Da-Ae#1#A03_Random_8	Da-Ae	1	A03_Random_8	35025
11	Da-Ae#1#A03_Random_9	Da-Ae	1	A03_Random_9	31303
11	Da-Ae#1#A04_Random_10	Da-Ae	1	A04_Random_10	16384
11	Da-Ae#1#A04_Random_11	Da-Ae	1	A04_Random_11	26540
11	Da-Ae#1#A04_Random_13	Da-Ae	1	A04_Random_13	28660
11	Da-Ae#1#A04_Random_14	Da-Ae	1	A04_Random_14	40593
11	Da-Ae#1#A04_Random_17	Da-Ae	1	A04_Random_17	17684
11	Da-Ae#1#A04_Random_19	Da-Ae	1	A04_Random_19	26906
11	Da-Ae#1#A04_Random_2	Da-Ae	1	A04_Random_2	22613
11	Da-Ae#1#A04_Random_3	Da-Ae	1	A04_Random_3	21840
11	Da-Ae#1#A04_Random_4	Da-Ae	1	A04_Random_4	11337
11	Da-Ae#1#A04_Random_8	Da-Ae	1	A04_Random_8	14171
11	Da-Ae#1#A04_Random_9	Da-Ae	1	A04_Random_9	31549
11	Da-Ae#1#A05_Random_1	Da-Ae	1	A05_Random_1	66399
11	Da-Ae#1#A05_Random_10	Da-Ae	1	A05_Random_10	29999
11	Da-Ae#1#A05_Random_11	Da-Ae	1	A05_Random_11	22701
11	Da-Ae#1#A05_Random_12	Da-Ae	1	A05_Random_12	55217
11	Da-Ae#1#A05_Random_13	Da-Ae	1	A05_Random_13	3113
11	Da-Ae#1#A05_Random_14	Da-Ae	1	A05_Random_14	6773
11	Da-Ae#1#A05_Random_15	Da-Ae	1	A05_Random_15	51887
11	Da-Ae#1#A05_Random_16	Da-Ae	1	A05_Random_16	16793
11	Da-Ae#1#A05_Random_17	Da-Ae	1	A05_Random_17	18102
11	Da-Ae#1#A05_Random_18	Da-Ae	1	A05_Random_18	21829
11	Da-Ae#1#A05_Random_19	Da-Ae	1	A05_Random_19	22802
11	Da-Ae#1#A05_Random_2	Da-Ae	1	A05_Random_2	78160
11	Da-Ae#1#A05_Random_20	Da-Ae	1	A05_Random_20	15206
11	Da-Ae#1#A05_Random_21	Da-Ae	1	A05_Random_21	13843
11	Da-Ae#1#A05_Random_22	Da-Ae	1	A05_Random_22	32901
11	Da-Ae#1#A05_Random_23	Da-Ae	1	A05_Random_23	27631
11	Da-Ae#1#A05_Random_24	Da-Ae	1	A05_Random_24	8406
11	Da-Ae#1#A05_Random_25	Da-Ae	1	A05_Random_25	39827
11	Da-Ae#1#A05_Random_26	Da-Ae	1	A05_Random_26	35355
11	Da-Ae#1#A05_Random_28	Da-Ae	1	A05_Random_28	9752
11	Da-Ae#1#A05_Random_3	Da-Ae	1	A05_Random_3	43100
11	Da-Ae#1#A05_Random_30	Da-Ae	1	A05_Random_30	32348
11	Da-Ae#1#A05_Random_31	Da-Ae	1	A05_Random_31	28106
11	Da-Ae#1#A05_Random_32	Da-Ae	1	A05_Random_32	38219
11	Da-Ae#1#A05_Random_33	Da-Ae	1	A05_Random_33	37535
11	Da-Ae#1#A05_Random_34	Da-Ae	1	A05_Random_34	38106
11	Da-Ae#1#A05_Random_35	Da-Ae	1	A05_Random_35	39205
11	Da-Ae#1#A05_Random_36	Da-Ae	1	A05_Random_36	2357
11	Da-Ae#1#A05_Random_37	Da-Ae	1	A05_Random_37	94259
11	Da-Ae#1#A05_Random_38	Da-Ae	1	A05_Random_38	68016
11	Da-Ae#1#A05_Random_39	Da-Ae	1	A05_Random_39	35560
11	Da-Ae#1#A05_Random_4	Da-Ae	1	A05_Random_4	47025
11	Da-Ae#1#A05_Random_40	Da-Ae	1	A05_Random_40	29171
11	Da-Ae#1#A05_Random_41	Da-Ae	1	A05_Random_41	47157
11	Da-Ae#1#A05_Random_42	Da-Ae	1	A05_Random_42	26815
11	Da-Ae#1#A05_Random_43	Da-Ae	1	A05_Random_43	122095
11	Da-Ae#1#A05_Random_44	Da-Ae	1	A05_Random_44	55614
11	Da-Ae#1#A05_Random_5	Da-Ae	1	A05_Random_5	66083
11	Da-Ae#1#A05_Random_6	Da-Ae	1	A05_Random_6	66218
11	Da-Ae#1#A05_Random_7	Da-Ae	1	A05_Random_7	48766
11	Da-Ae#1#A05_Random_9	Da-Ae	1	A05_Random_9	40014
11	Da-Ae#1#A06_Random_1	Da-Ae	1	A06_Random_1	30409
11	Da-Ae#1#A06_Random_10	Da-Ae	1	A06_Random_10	43357
11	Da-Ae#1#A06_Random_11	Da-Ae	1	A06_Random_11	19711
11	Da-Ae#1#A06_Random_12	Da-Ae	1	A06_Random_12	30683
11	Da-Ae#1#A06_Random_13	Da-Ae	1	A06_Random_13	27386
11	Da-Ae#1#A06_Random_14	Da-Ae	1	A06_Random_14	9426
11	Da-Ae#1#A06_Random_15	Da-Ae	1	A06_Random_15	8688
11	Da-Ae#1#A06_Random_16	Da-Ae	1	A06_Random_16	11959
11	Da-Ae#1#A06_Random_17	Da-Ae	1	A06_Random_17	28947
11	Da-Ae#1#A06_Random_18	Da-Ae	1	A06_Random_18	24936
11	Da-Ae#1#A06_Random_19	Da-Ae	1	A06_Random_19	24213
11	Da-Ae#1#A06_Random_2	Da-Ae	1	A06_Random_2	13190
11	Da-Ae#1#A06_Random_20	Da-Ae	1	A06_Random_20	30183
11	Da-Ae#1#A06_Random_21	Da-Ae	1	A06_Random_21	18947
11	Da-Ae#1#A06_Random_22	Da-Ae	1	A06_Random_22	17834
11	Da-Ae#1#A06_Random_23	Da-Ae	1	A06_Random_23	29035
11	Da-Ae#1#A06_Random_24	Da-Ae	1	A06_Random_24	59938
11	Da-Ae#1#A06_Random_3	Da-Ae	1	A06_Random_3	34915
11	Da-Ae#1#A06_Random_6	Da-Ae	1	A06_Random_6	37393
11	Da-Ae#1#A06_Random_7	Da-Ae	1	A06_Random_7	12922
11	Da-Ae#1#A06_Random_8	Da-Ae	1	A06_Random_8	36547
11	Da-Ae#1#A06_Random_9	Da-Ae	1	A06_Random_9	21154
11	Da-Ae#1#A07_Random_2	Da-Ae	1	A07_Random_2	36426
11	Da-Ae#1#A07_Random_3	Da-Ae	1	A07_Random_3	30496
11	Da-Ae#1#A07_Random_4	Da-Ae	1	A07_Random_4	27642
11	Da-Ae#1#A07_Random_5	Da-Ae	1	A07_Random_5	8183
11	Da-Ae#1#A07_Random_6	Da-Ae	1	A07_Random_6	46902
11	Da-Ae#1#A07_Random_7	Da-Ae	1	A07_Random_7	22375
11	Da-Ae#1#A08_Random_1	Da-Ae	1	A08_Random_1	109216
11	Da-Ae#1#A08_Random_10	Da-Ae	1	A08_Random_10	27726
11	Da-Ae#1#A08_Random_11	Da-Ae	1	A08_Random_11	37867
11	Da-Ae#1#A08_Random_12	Da-Ae	1	A08_Random_12	8666
11	Da-Ae#1#A08_Random_2	Da-Ae	1	A08_Random_2	8679
11	Da-Ae#1#A08_Random_3	Da-Ae	1	A08_Random_3	22675
11	Da-Ae#1#A08_Random_4	Da-Ae	1	A08_Random_4	24341
11	Da-Ae#1#A08_Random_5	Da-Ae	1	A08_Random_5	17268
11	Da-Ae#1#A08_Random_6	Da-Ae	1	A08_Random_6	8644
11	Da-Ae#1#A08_Random_8	Da-Ae	1	A08_Random_8	39620
11	Da-Ae#1#A08_Random_9	Da-Ae	1	A08_Random_9	35817
11	Da-Ae#1#A09_Random_1	Da-Ae	1	A09_Random_1	19477
11	Da-Ae#1#A09_Random_10	Da-Ae	1	A09_Random_10	21620
11	Da-Ae#1#A09_Random_11	Da-Ae	1	A09_Random_11	21371
11	Da-Ae#1#A09_Random_12	Da-Ae	1	A09_Random_12	6396
11	Da-Ae#1#A09_Random_13	Da-Ae	1	A09_Random_13	34900
11	Da-Ae#1#A09_Random_14	Da-Ae	1	A09_Random_14	11210
11	Da-Ae#1#A09_Random_15	Da-Ae	1	A09_Random_15	32528
11	Da-Ae#1#A09_Random_16	Da-Ae	1	A09_Random_16	28415
11	Da-Ae#1#A09_Random_17	Da-Ae	1	A09_Random_17	45369
11	Da-Ae#1#A09_Random_18	Da-Ae	1	A09_Random_18	26611
11	Da-Ae#1#A09_Random_19	Da-Ae	1	A09_Random_19	19477
11	Da-Ae#1#A09_Random_2	Da-Ae	1	A09_Random_2	33692
11	Da-Ae#1#A09_Random_20	Da-Ae	1	A09_Random_20	33766
11	Da-Ae#1#A09_Random_21	Da-Ae	1	A09_Random_21	32965
11	Da-Ae#1#A09_Random_22	Da-Ae	1	A09_Random_22	32335
11	Da-Ae#1#A09_Random_3	Da-Ae	1	A09_Random_3	22509
11	Da-Ae#1#A09_Random_4	Da-Ae	1	A09_Random_4	3192
11	Da-Ae#1#A09_Random_5	Da-Ae	1	A09_Random_5	21900
11	Da-Ae#1#A09_Random_6	Da-Ae	1	A09_Random_6	36342
11	Da-Ae#1#A09_Random_7	Da-Ae	1	A09_Random_7	10290
11	Da-Ae#1#A09_Random_8	Da-Ae	1	A09_Random_8	29361
11	Da-Ae#1#A09_Random_9	Da-Ae	1	A09_Random_9	35494
11	Da-Ae#1#A10_Random_1	Da-Ae	1	A10_Random_1	47632
11	Da-Ae#1#A10_Random_2	Da-Ae	1	A10_Random_2	35648
11	Da-Ae#1#A10_Random_4	Da-Ae	1	A10_Random_4	31969
11	Da-Ae#1#A10_Random_5	Da-Ae	1	A10_Random_5	25811
11	Da-Ae#1#A10_Random_6	Da-Ae	1	A10_Random_6	7005
11	Da-Ae#1#A10_Random_7	Da-Ae	1	A10_Random_7	22597
11	Da-Ae#1#A10_Random_8	Da-Ae	1	A10_Random_8	25886
11	Da-Ae#1#C01_Random_10	Da-Ae	1	C01_Random_10	23470
11	Da-Ae#1#C01_Random_11	Da-Ae	1	C01_Random_11	9842
11	Da-Ae#1#C01_Random_12	Da-Ae	1	C01_Random_12	27246
11	Da-Ae#1#C01_Random_13	Da-Ae	1	C01_Random_13	37721
11	Da-Ae#1#C01_Random_14	Da-Ae	1	C01_Random_14	35945
11	Da-Ae#1#C01_Random_15	Da-Ae	1	C01_Random_15	8686
11	Da-Ae#1#C01_Random_17	Da-Ae	1	C01_Random_17	6844
11	Da-Ae#1#C01_Random_18	Da-Ae	1	C01_Random_18	37602
11	Da-Ae#1#C01_Random_19	Da-Ae	1	C01_Random_19	36060
11	Da-Ae#1#C01_Random_20	Da-Ae	1	C01_Random_20	37338
11	Da-Ae#1#C01_Random_3	Da-Ae	1	C01_Random_3	38884
11	Da-Ae#1#C01_Random_5	Da-Ae	1	C01_Random_5	28994
11	Da-Ae#1#C01_Random_9	Da-Ae	1	C01_Random_9	11178
11	Da-Ae#1#C02_Random_14	Da-Ae	1	C02_Random_14	10253
11	Da-Ae#1#C02_Random_15	Da-Ae	1	C02_Random_15	2031
11	Da-Ae#1#C02_Random_17	Da-Ae	1	C02_Random_17	14801
11	Da-Ae#1#C02_Random_18	Da-Ae	1	C02_Random_18	34937
11	Da-Ae#1#C02_Random_19	Da-Ae	1	C02_Random_19	21833
11	Da-Ae#1#C02_Random_2	Da-Ae	1	C02_Random_2	39329
11	Da-Ae#1#C02_Random_20	Da-Ae	1	C02_Random_20	9473
11	Da-Ae#1#C02_Random_25	Da-Ae	1	C02_Random_25	32636
11	Da-Ae#1#C02_Random_27	Da-Ae	1	C02_Random_27	1981
11	Da-Ae#1#C02_Random_28	Da-Ae	1	C02_Random_28	32008
11	Da-Ae#1#C02_Random_3	Da-Ae	1	C02_Random_3	33145
11	Da-Ae#1#C02_Random_4	Da-Ae	1	C02_Random_4	4735
11	Da-Ae#1#C03_Random_1	Da-Ae	1	C03_Random_1	27166
11	Da-Ae#1#C03_Random_10	Da-Ae	1	C03_Random_10	26893
11	Da-Ae#1#C03_Random_13	Da-Ae	1	C03_Random_13	4479
11	Da-Ae#1#C03_Random_14	Da-Ae	1	C03_Random_14	24029
11	Da-Ae#1#C03_Random_15	Da-Ae	1	C03_Random_15	23024
11	Da-Ae#1#C03_Random_16	Da-Ae	1	C03_Random_16	42391
11	Da-Ae#1#C03_Random_17	Da-Ae	1	C03_Random_17	10895
11	Da-Ae#1#C03_Random_18	Da-Ae	1	C03_Random_18	20977
11	Da-Ae#1#C03_Random_19	Da-Ae	1	C03_Random_19	30563
11	Da-Ae#1#C03_Random_2	Da-Ae	1	C03_Random_2	54728
11	Da-Ae#1#C03_Random_20	Da-Ae	1	C03_Random_20	19880
11	Da-Ae#1#C03_Random_24	Da-Ae	1	C03_Random_24	21771
11	Da-Ae#1#C03_Random_25	Da-Ae	1	C03_Random_25	29611
11	Da-Ae#1#C03_Random_26	Da-Ae	1	C03_Random_26	11093
11	Da-Ae#1#C03_Random_27	Da-Ae	1	C03_Random_27	17215
11	Da-Ae#1#C03_Random_28	Da-Ae	1	C03_Random_28	9853
11	Da-Ae#1#C03_Random_29	Da-Ae	1	C03_Random_29	43092
11	Da-Ae#1#C03_Random_3	Da-Ae	1	C03_Random_3	25845
11	Da-Ae#1#C03_Random_30	Da-Ae	1	C03_Random_30	20567
11	Da-Ae#1#C03_Random_31	Da-Ae	1	C03_Random_31	31892
11	Da-Ae#1#C03_Random_32	Da-Ae	1	C03_Random_32	47636
11	Da-Ae#1#C03_Random_33	Da-Ae	1	C03_Random_33	9159
11	Da-Ae#1#C03_Random_34	Da-Ae	1	C03_Random_34	24103
11	Da-Ae#1#C03_Random_35	Da-Ae	1	C03_Random_35	24480
11	Da-Ae#1#C03_Random_36	Da-Ae	1	C03_Random_36	18814
11	Da-Ae#1#C03_Random_37	Da-Ae	1	C03_Random_37	19214
11	Da-Ae#1#C03_Random_4	Da-Ae	1	C03_Random_4	11799
11	Da-Ae#1#C03_Random_41	Da-Ae	1	C03_Random_41	34319
11	Da-Ae#1#C03_Random_44	Da-Ae	1	C03_Random_44	39333
11	Da-Ae#1#C03_Random_45	Da-Ae	1	C03_Random_45	49350
11	Da-Ae#1#C03_Random_46	Da-Ae	1	C03_Random_46	91137
11	Da-Ae#1#C03_Random_5	Da-Ae	1	C03_Random_5	27761
11	Da-Ae#1#C03_Random_50	Da-Ae	1	C03_Random_50	32698
11	Da-Ae#1#C03_Random_8	Da-Ae	1	C03_Random_8	40552
11	Da-Ae#1#C03_Random_9	Da-Ae	1	C03_Random_9	26466
11	Da-Ae#1#C04_Random_1	Da-Ae	1	C04_Random_1	25158
11	Da-Ae#1#C04_Random_14	Da-Ae	1	C04_Random_14	33214
11	Da-Ae#1#C04_Random_15	Da-Ae	1	C04_Random_15	31002
11	Da-Ae#1#C04_Random_16	Da-Ae	1	C04_Random_16	35559
11	Da-Ae#1#C04_Random_17	Da-Ae	1	C04_Random_17	28188
11	Da-Ae#1#C04_Random_18	Da-Ae	1	C04_Random_18	41114
11	Da-Ae#1#C04_Random_19	Da-Ae	1	C04_Random_19	46939
11	Da-Ae#1#C04_Random_24	Da-Ae	1	C04_Random_24	48748
11	Da-Ae#1#C04_Random_25	Da-Ae	1	C04_Random_25	15082
11	Da-Ae#1#C04_Random_26	Da-Ae	1	C04_Random_26	47984
11	Da-Ae#1#C04_Random_28	Da-Ae	1	C04_Random_28	33655
11	Da-Ae#1#C04_Random_29	Da-Ae	1	C04_Random_29	27347
11	Da-Ae#1#C04_Random_3	Da-Ae	1	C04_Random_3	21781
11	Da-Ae#1#C04_Random_30	Da-Ae	1	C04_Random_30	48462
11	Da-Ae#1#C04_Random_4	Da-Ae	1	C04_Random_4	48206
11	Da-Ae#1#C04_Random_5	Da-Ae	1	C04_Random_5	32301
11	Da-Ae#1#C04_Random_6	Da-Ae	1	C04_Random_6	31121
11	Da-Ae#1#C05_Random_1	Da-Ae	1	C05_Random_1	22586
11	Da-Ae#1#C05_Random_10	Da-Ae	1	C05_Random_10	45892
11	Da-Ae#1#C05_Random_12	Da-Ae	1	C05_Random_12	29238
11	Da-Ae#1#C05_Random_13	Da-Ae	1	C05_Random_13	29049
11	Da-Ae#1#C05_Random_14	Da-Ae	1	C05_Random_14	17877
11	Da-Ae#1#C05_Random_16	Da-Ae	1	C05_Random_16	13479
11	Da-Ae#1#C05_Random_17	Da-Ae	1	C05_Random_17	10394
11	Da-Ae#1#C05_Random_18	Da-Ae	1	C05_Random_18	29559
11	Da-Ae#1#C05_Random_19	Da-Ae	1	C05_Random_19	17914
11	Da-Ae#1#C05_Random_2	Da-Ae	1	C05_Random_2	20104
11	Da-Ae#1#C05_Random_20	Da-Ae	1	C05_Random_20	24106
11	Da-Ae#1#C05_Random_21	Da-Ae	1	C05_Random_21	9054
11	Da-Ae#1#C05_Random_22	Da-Ae	1	C05_Random_22	25642
11	Da-Ae#1#C05_Random_23	Da-Ae	1	C05_Random_23	21134
11	Da-Ae#1#C05_Random_24	Da-Ae	1	C05_Random_24	40753
11	Da-Ae#1#C05_Random_25	Da-Ae	1	C05_Random_25	14733
11	Da-Ae#1#C05_Random_26	Da-Ae	1	C05_Random_26	3111
11	Da-Ae#1#C05_Random_27	Da-Ae	1	C05_Random_27	48537
11	Da-Ae#1#C05_Random_28	Da-Ae	1	C05_Random_28	21996
11	Da-Ae#1#C05_Random_29	Da-Ae	1	C05_Random_29	40996
11	Da-Ae#1#C05_Random_3	Da-Ae	1	C05_Random_3	29351
11	Da-Ae#1#C05_Random_30	Da-Ae	1	C05_Random_30	28143
11	Da-Ae#1#C05_Random_31	Da-Ae	1	C05_Random_31	26328
11	Da-Ae#1#C05_Random_32	Da-Ae	1	C05_Random_32	41816
11	Da-Ae#1#C05_Random_33	Da-Ae	1	C05_Random_33	35384
11	Da-Ae#1#C05_Random_34	Da-Ae	1	C05_Random_34	2691
11	Da-Ae#1#C05_Random_35	Da-Ae	1	C05_Random_35	23417
11	Da-Ae#1#C05_Random_36	Da-Ae	1	C05_Random_36	35963
11	Da-Ae#1#C05_Random_37	Da-Ae	1	C05_Random_37	27640
11	Da-Ae#1#C05_Random_38	Da-Ae	1	C05_Random_38	55316
11	Da-Ae#1#C05_Random_39	Da-Ae	1	C05_Random_39	22321
11	Da-Ae#1#C05_Random_40	Da-Ae	1	C05_Random_40	55798
11	Da-Ae#1#C05_Random_42	Da-Ae	1	C05_Random_42	44712
11	Da-Ae#1#C05_Random_43	Da-Ae	1	C05_Random_43	47849
11	Da-Ae#1#C05_Random_5	Da-Ae	1	C05_Random_5	8430
11	Da-Ae#1#C05_Random_7	Da-Ae	1	C05_Random_7	30089
11	Da-Ae#1#C05_Random_9	Da-Ae	1	C05_Random_9	29816
11	Da-Ae#1#C06_Random_10	Da-Ae	1	C06_Random_10	36544
11	Da-Ae#1#C06_Random_12	Da-Ae	1	C06_Random_12	54106
11	Da-Ae#1#C06_Random_14	Da-Ae	1	C06_Random_14	40235
11	Da-Ae#1#C06_Random_15	Da-Ae	1	C06_Random_15	36363
11	Da-Ae#1#C06_Random_16	Da-Ae	1	C06_Random_16	28167
11	Da-Ae#1#C06_Random_3	Da-Ae	1	C06_Random_3	19899
11	Da-Ae#1#C06_Random_4	Da-Ae	1	C06_Random_4	16931
11	Da-Ae#1#C06_Random_5	Da-Ae	1	C06_Random_5	17095
11	Da-Ae#1#C06_Random_6	Da-Ae	1	C06_Random_6	36080
11	Da-Ae#1#C06_Random_7	Da-Ae	1	C06_Random_7	29528
11	Da-Ae#1#C07_Random_1	Da-Ae	1	C07_Random_1	42041
11	Da-Ae#1#C07_Random_12	Da-Ae	1	C07_Random_12	9784
11	Da-Ae#1#C07_Random_13	Da-Ae	1	C07_Random_13	21397
11	Da-Ae#1#C07_Random_14	Da-Ae	1	C07_Random_14	27489
11	Da-Ae#1#C07_Random_15	Da-Ae	1	C07_Random_15	14715
11	Da-Ae#1#C07_Random_16	Da-Ae	1	C07_Random_16	7734
11	Da-Ae#1#C07_Random_18	Da-Ae	1	C07_Random_18	11367
11	Da-Ae#1#C07_Random_19	Da-Ae	1	C07_Random_19	18823
11	Da-Ae#1#C07_Random_2	Da-Ae	1	C07_Random_2	55740
11	Da-Ae#1#C07_Random_21	Da-Ae	1	C07_Random_21	13920
11	Da-Ae#1#C07_Random_22	Da-Ae	1	C07_Random_22	36874
11	Da-Ae#1#C07_Random_23	Da-Ae	1	C07_Random_23	45882
11	Da-Ae#1#C07_Random_24	Da-Ae	1	C07_Random_24	3171
11	Da-Ae#1#C07_Random_25	Da-Ae	1	C07_Random_25	86976
11	Da-Ae#1#C07_Random_26	Da-Ae	1	C07_Random_26	32688
11	Da-Ae#1#C07_Random_27	Da-Ae	1	C07_Random_27	28815
11	Da-Ae#1#C07_Random_28	Da-Ae	1	C07_Random_28	28150
11	Da-Ae#1#C07_Random_29	Da-Ae	1	C07_Random_29	66900
11	Da-Ae#1#C07_Random_3	Da-Ae	1	C07_Random_3	14555
11	Da-Ae#1#C07_Random_30	Da-Ae	1	C07_Random_30	36656
11	Da-Ae#1#C07_Random_31	Da-Ae	1	C07_Random_31	25559
11	Da-Ae#1#C07_Random_32	Da-Ae	1	C07_Random_32	47943
11	Da-Ae#1#C07_Random_34	Da-Ae	1	C07_Random_34	42190
11	Da-Ae#1#C07_Random_4	Da-Ae	1	C07_Random_4	29301
11	Da-Ae#1#C07_Random_5	Da-Ae	1	C07_Random_5	32890
11	Da-Ae#1#C07_Random_6	Da-Ae	1	C07_Random_6	34730
11	Da-Ae#1#C07_Random_7	Da-Ae	1	C07_Random_7	38183
11	Da-Ae#1#C08_Random_1	Da-Ae	1	C08_Random_1	75873
11	Da-Ae#1#C08_Random_4	Da-Ae	1	C08_Random_4	15339
11	Da-Ae#1#C08_Random_5	Da-Ae	1	C08_Random_5	20208
11	Da-Ae#1#C08_Random_6	Da-Ae	1	C08_Random_6	58081
11	Da-Ae#1#C08_Random_7	Da-Ae	1	C08_Random_7	39645
11	Da-Ae#1#C08_Random_8	Da-Ae	1	C08_Random_8	51216
11	Da-Ae#1#C08_Random_9	Da-Ae	1	C08_Random_9	23752
11	Da-Ae#1#C09_Random_15	Da-Ae	1	C09_Random_15	7269
11	Da-Ae#1#C09_Random_17	Da-Ae	1	C09_Random_17	25112
11	Da-Ae#1#C09_Random_18	Da-Ae	1	C09_Random_18	27811
11	Da-Ae#1#C09_Random_19	Da-Ae	1	C09_Random_19	41317
11	Da-Ae#1#C09_Random_20	Da-Ae	1	C09_Random_20	42086
11	Da-Ae#1#C09_Random_23	Da-Ae	1	C09_Random_23	12946
11	Da-Ae#1#C09_Random_24	Da-Ae	1	C09_Random_24	36197
11	Da-Ae#1#C09_Random_25	Da-Ae	1	C09_Random_25	30621
11	Da-Ae#1#C09_Random_26	Da-Ae	1	C09_Random_26	32690
11	Da-Ae#1#C09_Random_3	Da-Ae	1	C09_Random_3	32516
11	Da-Ae#1#C09_Random_33	Da-Ae	1	C09_Random_33	38132
11	Da-Ae#1#C09_Random_34	Da-Ae	1	C09_Random_34	13909
11	Da-Ae#1#C09_Random_35	Da-Ae	1	C09_Random_35	30674
11	Da-Ae#1#C09_Random_36	Da-Ae	1	C09_Random_36	19118
11	Da-Ae#1#C09_Random_44	Da-Ae	1	C09_Random_44	22092
11	Da-Ae#1#C09_Random_45	Da-Ae	1	C09_Random_45	39622
11	Da-Ae#1#C09_Random_46	Da-Ae	1	C09_Random_46	22509
11	Da-Ae#1#C09_Random_47	Da-Ae	1	C09_Random_47	26794
11	Da-Ae#1#C09_Random_58	Da-Ae	1	C09_Random_58	43276
11	Da-Ae#1#C09_Random_6	Da-Ae	1	C09_Random_6	79390
11	Da-Ae#1#C09_Random_61	Da-Ae	1	C09_Random_61	49282
11	Da-Ae#1#C09_Random_63	Da-Ae	1	C09_Random_63	27054
11	Da-Ae#1#C09_Random_67	Da-Ae	1	C09_Random_67	31093
11	Da-Ae#1#C09_Random_68	Da-Ae	1	C09_Random_68	15547
11	Da-Ae#1#C09_Random_69	Da-Ae	1	C09_Random_69	54412
11	Da-Ae#1#C09_Random_7	Da-Ae	1	C09_Random_7	52040
11	Da-Ae#1#C09_Random_8	Da-Ae	1	C09_Random_8	57792
11	Express617#1#R175_chrAC01	Express617	1	R175_chrAC01	603789
11	Express617#1#R178_chrAC05	Express617	1	R178_chrAC05	592298
11	Express617#1#R18_chrAC05	Express617	1	R18_chrAC05	1114595
11	Express617#1#R208_chrAC01	Express617	1	R208_chrAC01	321425
11	Express617#1#R211130_chrAC01	Express617	1	R211130_chrAC01	599773
11	Express617#1#R211268_chrAC01	Express617	1	R211268_chrAC01	212577
11	Express617#1#R211297_chrA01	Express617	1	R211297_chrA01	205021
11	Express617#1#R211392_chrAC01	Express617	1	R211392_chrAC01	417529
11	Express617#1#R211436_chrA01	Express617	1	R211436_chrA01	124065
11	Express617#1#R21168_chrA01	Express617	1	R21168_chrA01	171046
11	Express617#1#R2124_chrAC01	Express617	1	R2124_chrAC01	304533
11	Express617#1#R21314_chrA01	Express617	1	R21314_chrA01	174753
11	Express617#1#R21348_chrA01	Express617	1	R21348_chrA01	109439
11	Express617#1#R2135_chrA05	Express617	1	R2135_chrA05	168486
11	Express617#1#R21424_chrA01	Express617	1	R21424_chrA01	172957
11	Express617#1#R21445_chrAC01	Express617	1	R21445_chrAC01	130191
11	Express617#1#R2153c_chrC03	Express617	1	R2153c_chrC03	389744
11	Express617#1#R21634_chrAC01	Express617	1	R21634_chrAC01	132342
11	Express617#1#R21675_chrA01	Express617	1	R21675_chrA01	252018
11	Express617#1#R21721_chrAC01	Express617	1	R21721_chrAC01	188790
11	Express617#1#R21835_chrA05	Express617	1	R21835_chrA05	272786
11	Express617#1#R24878008_chrC01	Express617	1	R24878008_chrC01	351018
11	Express617#1#R4542630_chrA04	Express617	1	R4542630_chrA04	114083
11	Express617#1#R454660_chrA09	Express617	1	R454660_chrA09	123327
11	Express617#1#R45525921_chrA05	Express617	1	R45525921_chrA05	132052
11	Express617#1#R602400_chrA06	Express617	1	R602400_chrA06	123860
14	Da-Ae#1#A03_Random_2	Da-Ae	1	A03_Random_2	24498
14	Da-Ae#1#A04_Random_15	Da-Ae	1	A04_Random_15	21893
14	Da-Ae#1#A04_Random_16	Da-Ae	1	A04_Random_16	24805
14	Da-Ae#1#A04_Random_18	Da-Ae	1	A04_Random_18	14393
14	Da-Ae#1#A04_Random_5	Da-Ae	1	A04_Random_5	17600
14	Da-Ae#1#A04_Random_6	Da-Ae	1	A04_Random_6	25302
14	Da-Ae#1#A04_Random_7	Da-Ae	1	A04_Random_7	2109
14	Da-Ae#1#A05_Random_27	Da-Ae	1	A05_Random_27	20850
14	Da-Ae#1#A05_Random_8	Da-Ae	1	A05_Random_8	27750
14	Da-Ae#1#A07_Random_10	Da-Ae	1	A07_Random_10	31951
14	Da-Ae#1#A07_Random_11	Da-Ae	1	A07_Random_11	37024
14	Da-Ae#1#A07_Random_12	Da-Ae	1	A07_Random_12	31529
14	Da-Ae#1#A07_Random_13	Da-Ae	1	A07_Random_13	28849
14	Da-Ae#1#A07_Random_9	Da-Ae	1	A07_Random_9	29421
14	Da-Ae#1#A10_Random_3	Da-Ae	1	A10_Random_3	21511
14	Da-Ae#1#C01_Random_1	Da-Ae	1	C01_Random_1	31852
14	Da-Ae#1#C01_Random_2	Da-Ae	1	C01_Random_2	32644
14	Da-Ae#1#C01_Random_22	Da-Ae	1	C01_Random_22	21869
14	Da-Ae#1#C01_Random_4	Da-Ae	1	C01_Random_4	30852
14	Da-Ae#1#C02_Random_1	Da-Ae	1	C02_Random_1	31240
14	Da-Ae#1#C02_Random_10	Da-Ae	1	C02_Random_10	29043
14	Da-Ae#1#C02_Random_11	Da-Ae	1	C02_Random_11	40868
14	Da-Ae#1#C02_Random_12	Da-Ae	1	C02_Random_12	14073
14	Da-Ae#1#C02_Random_13	Da-Ae	1	C02_Random_13	23283
14	Da-Ae#1#C02_Random_21	Da-Ae	1	C02_Random_21	31801
14	Da-Ae#1#C02_Random_22	Da-Ae	1	C02_Random_22	33267
14	Da-Ae#1#C02_Random_23	Da-Ae	1	C02_Random_23	27952
14	Da-Ae#1#C02_Random_24	Da-Ae	1	C02_Random_24	27178
14	Da-Ae#1#C02_Random_26	Da-Ae	1	C02_Random_26	23541
14	Da-Ae#1#C02_Random_29	Da-Ae	1	C02_Random_29	30552
14	Da-Ae#1#C02_Random_30	Da-Ae	1	C02_Random_30	29099
14	Da-Ae#1#C02_Random_31	Da-Ae	1	C02_Random_31	34207
14	Da-Ae#1#C02_Random_32	Da-Ae	1	C02_Random_32	31120
14	Da-Ae#1#C02_Random_5	Da-Ae	1	C02_Random_5	25933
14	Da-Ae#1#C02_Random_6	Da-Ae	1	C02_Random_6	22469
14	Da-Ae#1#C02_Random_7	Da-Ae	1	C02_Random_7	99716
14	Da-Ae#1#C02_Random_8	Da-Ae	1	C02_Random_8	58433
14	Da-Ae#1#C02_Random_9	Da-Ae	1	C02_Random_9	30262
14	Da-Ae#1#C03_Random_11	Da-Ae	1	C03_Random_11	29177
14	Da-Ae#1#C03_Random_38	Da-Ae	1	C03_Random_38	20440
14	Da-Ae#1#C03_Random_39	Da-Ae	1	C03_Random_39	24823
14	Da-Ae#1#C03_Random_40	Da-Ae	1	C03_Random_40	38384
14	Da-Ae#1#C03_Random_42	Da-Ae	1	C03_Random_42	8082
14	Da-Ae#1#C03_Random_43	Da-Ae	1	C03_Random_43	24871
14	Da-Ae#1#C03_Random_47	Da-Ae	1	C03_Random_47	56673
14	Da-Ae#1#C03_Random_48	Da-Ae	1	C03_Random_48	37021
14	Da-Ae#1#C03_Random_49	Da-Ae	1	C03_Random_49	27186
14	Da-Ae#1#C03_Random_51	Da-Ae	1	C03_Random_51	35158
14	Da-Ae#1#C03_Random_52	Da-Ae	1	C03_Random_52	23569
14	Da-Ae#1#C03_Random_53	Da-Ae	1	C03_Random_53	36429
14	Da-Ae#1#C03_Random_6	Da-Ae	1	C03_Random_6	16842
14	Da-Ae#1#C03_Random_7	Da-Ae	1	C03_Random_7	20029
14	Da-Ae#1#C04_Random_10	Da-Ae	1	C04_Random_10	24847
14	Da-Ae#1#C04_Random_11	Da-Ae	1	C04_Random_11	20279
14	Da-Ae#1#C04_Random_12	Da-Ae	1	C04_Random_12	2695
14	Da-Ae#1#C04_Random_13	Da-Ae	1	C04_Random_13	30033
14	Da-Ae#1#C04_Random_2	Da-Ae	1	C04_Random_2	18453
14	Da-Ae#1#C04_Random_20	Da-Ae	1	C04_Random_20	31804
14	Da-Ae#1#C04_Random_23	Da-Ae	1	C04_Random_23	28105
14	Da-Ae#1#C04_Random_27	Da-Ae	1	C04_Random_27	26510
14	Da-Ae#1#C04_Random_7	Da-Ae	1	C04_Random_7	24429
14	Da-Ae#1#C04_Random_8	Da-Ae	1	C04_Random_8	18013
14	Da-Ae#1#C04_Random_9	Da-Ae	1	C04_Random_9	21498
14	Da-Ae#1#C05_Random_11	Da-Ae	1	C05_Random_11	19359
14	Da-Ae#1#C05_Random_4	Da-Ae	1	C05_Random_4	33754
14	Da-Ae#1#C05_Random_6	Da-Ae	1	C05_Random_6	35024
14	Da-Ae#1#C06_Random_1	Da-Ae	1	C06_Random_1	12154
14	Da-Ae#1#C06_Random_11	Da-Ae	1	C06_Random_11	24235
14	Da-Ae#1#C06_Random_13	Da-Ae	1	C06_Random_13	40063
14	Da-Ae#1#C06_Random_2	Da-Ae	1	C06_Random_2	37868
14	Da-Ae#1#C07_Random_10	Da-Ae	1	C07_Random_10	23816
14	Da-Ae#1#C07_Random_11	Da-Ae	1	C07_Random_11	19443
14	Da-Ae#1#C07_Random_20	Da-Ae	1	C07_Random_20	37060
14	Da-Ae#1#C07_Random_35	Da-Ae	1	C07_Random_35	35865
14	Da-Ae#1#C07_Random_8	Da-Ae	1	C07_Random_8	28335
14	Da-Ae#1#C07_Random_9	Da-Ae	1	C07_Random_9	41826
14	Da-Ae#1#C08_Random_2	Da-Ae	1	C08_Random_2	15541
14	Da-Ae#1#C08_Random_3	Da-Ae	1	C08_Random_3	2159
14	Da-Ae#1#C09_Random_11	Da-Ae	1	C09_Random_11	11567
14	Da-Ae#1#C09_Random_28	Da-Ae	1	C09_Random_28	5510
14	Da-Ae#1#C09_Random_59	Da-Ae	1	C09_Random_59	31314
17	Da-Ae#1#C03_Random_21	Da-Ae	1	C03_Random_21	19378
17	Da-Ae#1#C03_Random_22	Da-Ae	1	C03_Random_22	21753
17	Da-Ae#1#C03_Random_23	Da-Ae	1	C03_Random_23	26192
5	BnXiaoyun#1#A06	BnXiaoyun	1	A06	49790534
5	Da-Ae#1#A06	Da-Ae	1	A06	28937740
5	Darmor#1#A06	Darmor	1	A06	45146386
5	Express617#1#A06	Express617	1	A06	31862090
5	GanganF73#1#A06	GanganF73	1	A06	43921364
5	GH06#1#A06	GH06	1	A06	29822941
5	No2127#1#A06	No2127	1	A06	47152155
5	NTS57#1#A06	NTS57	1	A06	61055445
5	QuintaA#1#A06	QuintaA	1	A06	46545620
5	Shengli3#1#A06	Shengli3	1	A06	47226390
5	Tapidor3#1#A06	Tapidor3	1	A06	50976723
5	Westar#1#A06	Westar	1	A06	46607869
5	Xiang5A#1#A10	Xiang5A	1	A10	60465182
5	Zheyou73#1#A06	Zheyou73	1	A06	45572147
5	ZS11#1#A06	ZS11	1	A06	48704706
5	Zy821#1#A06	Zy821	1	A06	28563773
0	BnXiaoyun#1#A02	BnXiaoyun	1	A02	32420360
0	BnXiaoyun#1#C02	BnXiaoyun	1	C02	63671054
0	Da-Ae#1#A02	Da-Ae	1	A02	29581582
0	Da-Ae#1#A02_Random_1	Da-Ae	1	A02_Random_1	112516
0	Da-Ae#1#A02_Random_11	Da-Ae	1	A02_Random_11	24870
0	Da-Ae#1#C02	Da-Ae	1	C02	58167434
0	Da-Ae#1#C02_Random_16	Da-Ae	1	C02_Random_16	3005
0	Darmor#1#A02	Darmor	1	A02	33432960
0	Darmor#1#C02	Darmor	1	C02	62297340
0	Express617#1#A02	Express617	1	A02	30174133
0	Express617#1#C02	Express617	1	C02	61556739
0	Express617#1#R203_chrA02	Express617	1	R203_chrA02	1918864
0	GanganF73#1#A02	GanganF73	1	A02	34912047
0	GanganF73#1#C02	GanganF73	1	C02	62611365
0	GH06#1#A02	GH06	1	A02	33077142
0	GH06#1#C02	GH06	1	C02	51306662
0	No2127#1#A02	No2127	1	A02	35184156
0	No2127#1#C02	No2127	1	C02	63747864
0	NTS57#1#A02	NTS57	1	A02	40873792
0	NTS57#1#C02	NTS57	1	C02	64440280
0	QuintaA#1#A02	QuintaA	1	A02	31833343
0	QuintaA#1#C02	QuintaA	1	C02	66774423
0	Shengli3#1#A02	Shengli3	1	A02	36815669
0	Shengli3#1#C02	Shengli3	1	C02	59402795
0	Tapidor3#1#A02	Tapidor3	1	A02	33310329
0	Tapidor3#1#C02	Tapidor3	1	C02	60608700
0	Westar#1#A02	Westar	1	A02	35445817
0	Westar#1#C02	Westar	1	C02	65831886
0	Xiang5A#1#A01	Xiang5A	1	A01	38840263
0	Xiang5A#1#A09	Xiang5A	1	A09	66412396
0	Zheyou73#1#A02	Zheyou73	1	A02	38454144
0	Zheyou73#1#C02	Zheyou73	1	C02	52853804
0	ZS11#1#A02	ZS11	1	A02	35943954
0	ZS11#1#C02	ZS11	1	C02	65293782
0	Zy821#1#A02	Zy821	1	A02	34819936
0	Zy821#1#C02	Zy821	1	C02	54500652
12	Da-Ae#1#A02_Random_7	Da-Ae	1	A02_Random_7	4096
12	Da-Ae#1#A06_Random_4	Da-Ae	1	A06_Random_4	17933
12	Da-Ae#1#A06_Random_5	Da-Ae	1	A06_Random_5	10406
12	Da-Ae#1#C09_Random_1	Da-Ae	1	C09_Random_1	33828
12	Da-Ae#1#C09_Random_10	Da-Ae	1	C09_Random_10	5138
12	Da-Ae#1#C09_Random_12	Da-Ae	1	C09_Random_12	13256
12	Da-Ae#1#C09_Random_14	Da-Ae	1	C09_Random_14	3528
12	Da-Ae#1#C09_Random_16	Da-Ae	1	C09_Random_16	12679
12	Da-Ae#1#C09_Random_21	Da-Ae	1	C09_Random_21	5200
12	Da-Ae#1#C09_Random_22	Da-Ae	1	C09_Random_22	13747
12	Da-Ae#1#C09_Random_27	Da-Ae	1	C09_Random_27	23104
12	Da-Ae#1#C09_Random_29	Da-Ae	1	C09_Random_29	12097
12	Da-Ae#1#C09_Random_30	Da-Ae	1	C09_Random_30	2892
12	Da-Ae#1#C09_Random_31	Da-Ae	1	C09_Random_31	5504
12	Da-Ae#1#C09_Random_32	Da-Ae	1	C09_Random_32	32696
12	Da-Ae#1#C09_Random_37	Da-Ae	1	C09_Random_37	18482
12	Da-Ae#1#C09_Random_38	Da-Ae	1	C09_Random_38	5663
12	Da-Ae#1#C09_Random_39	Da-Ae	1	C09_Random_39	15858
12	Da-Ae#1#C09_Random_4	Da-Ae	1	C09_Random_4	31145
12	Da-Ae#1#C09_Random_42	Da-Ae	1	C09_Random_42	10778
12	Da-Ae#1#C09_Random_48	Da-Ae	1	C09_Random_48	21034
12	Da-Ae#1#C09_Random_49	Da-Ae	1	C09_Random_49	5410
12	Da-Ae#1#C09_Random_5	Da-Ae	1	C09_Random_5	19441
12	Da-Ae#1#C09_Random_50	Da-Ae	1	C09_Random_50	18061
12	Da-Ae#1#C09_Random_51	Da-Ae	1	C09_Random_51	30696
12	Da-Ae#1#C09_Random_52	Da-Ae	1	C09_Random_52	5149
12	Da-Ae#1#C09_Random_53	Da-Ae	1	C09_Random_53	6130
12	Da-Ae#1#C09_Random_55	Da-Ae	1	C09_Random_55	13240
12	Da-Ae#1#C09_Random_56	Da-Ae	1	C09_Random_56	17401
12	Da-Ae#1#C09_Random_57	Da-Ae	1	C09_Random_57	5210
12	Da-Ae#1#C09_Random_60	Da-Ae	1	C09_Random_60	28457
12	Da-Ae#1#C09_Random_62	Da-Ae	1	C09_Random_62	29227
12	Da-Ae#1#C09_Random_64	Da-Ae	1	C09_Random_64	63816
12	Da-Ae#1#C09_Random_65	Da-Ae	1	C09_Random_65	37160
12	Da-Ae#1#C09_Random_66	Da-Ae	1	C09_Random_66	25934
12	Da-Ae#1#C09_Random_9	Da-Ae	1	C09_Random_9	15295
15	Da-Ae#1#C01_Random_8	Da-Ae	1	C01_Random_8	4260
18	Da-Ae#1#C04_Random_21	Da-Ae	1	C04_Random_21	15494
18	Da-Ae#1#C04_Random_22	Da-Ae	1	C04_Random_22	23821
2	BnXiaoyun#1#A03	BnXiaoyun	1	A03	41935341
2	BnXiaoyun#1#C03	BnXiaoyun	1	C03	78039339
2	Da-Ae#1#A03	Da-Ae	1	A03	38724999
2	Da-Ae#1#C03	Da-Ae	1	C03	74222928
2	Darmor#1#A03	Darmor	1	A03	39685748
2	Darmor#1#C03	Darmor	1	C03	73669886
2	Express617#1#A03	Express617	1	A03	38328780
2	Express617#1#C03	Express617	1	C03	62379756
2	Express617#1#R40268543_chrC03	Express617	1	R40268543_chrC03	3348621
2	Express617#1#R93_chrC03	Express617	1	R93_chrC03	2298266
2	GanganF73#1#A03	GanganF73	1	A03	42633929
2	GanganF73#1#C03	GanganF73	1	C03	79770199
2	GH06#1#A03	GH06	1	A03	37417207
2	GH06#1#C03	GH06	1	C03	73870175
2	No2127#1#A03	No2127	1	A03	44024636
2	No2127#1#C03	No2127	1	C03	71696257
2	NTS57#1#A03	NTS57	1	A03	38983464
2	NTS57#1#C03	NTS57	1	C03	77774662
2	QuintaA#1#A03	QuintaA	1	A03	44229005
2	QuintaA#1#C03	QuintaA	1	C03	79398332
2	Shengli3#1#A03	Shengli3	1	A03	40627569
2	Shengli3#1#C03	Shengli3	1	C03	73374125
2	Tapidor3#1#A03	Tapidor3	1	A03	45374774
2	Tapidor3#1#C03	Tapidor3	1	C03	77070395
2	Westar#1#A03	Westar	1	A03	45938915
2	Westar#1#C03	Westar	1	C03	72844319
2	Xiang5A#1#A03	Xiang5A	1	A03	44786494
2	Xiang5A#1#C08	Xiang5A	1	C08	79204209
2	Zheyou73#1#A03	Zheyou73	1	A03	46180332
2	Zheyou73#1#C03	Zheyou73	1	C03	75927486
2	ZS11#1#A03	ZS11	1	A03	44868710
2	ZS11#1#C03	ZS11	1	C03	79061710
2	Zy821#1#A03	Zy821	1	A03	37923305
2	Zy821#1#C03	Zy821	1	C03	73444947
13	Da-Ae#1#A03_Random_1	Da-Ae	1	A03_Random_1	43301
13	Da-Ae#1#A03_Random_15	Da-Ae	1	A03_Random_15	59617
6	BnXiaoyun#1#A07	BnXiaoyun	1	A07	29153456
6	BnXiaoyun#1#C06	BnXiaoyun	1	C06	48870600
6	Da-Ae#1#A07	Da-Ae	1	A07	28277616
6	Da-Ae#1#A07_Random_8	Da-Ae	1	A07_Random_8	9177
6	Da-Ae#1#C06	Da-Ae	1	C06	48209797
6	Da-Ae#1#C06_Random_8	Da-Ae	1	C06_Random_8	16267
6	Da-Ae#1#C06_Random_9	Da-Ae	1	C06_Random_9	28353
6	Darmor#1#A07	Darmor	1	A07	29390523
6	Darmor#1#C06	Darmor	1	C06	50218839
6	Express617#1#A07	Express617	1	A07	27714229
6	Express617#1#C06	Express617	1	C06	46870576
6	Express617#1#R186_chrC06	Express617	1	R186_chrC06	856256
6	GanganF73#1#A07	GanganF73	1	A07	37845779
6	GanganF73#1#C06	GanganF73	1	C06	46598512
6	GH06#1#A07	GH06	1	A07	27068954
6	GH06#1#C06	GH06	1	C06	47332145
6	No2127#1#A07	No2127	1	A07	29386911
6	No2127#1#C06	No2127	1	C06	52092031
6	NTS57#1#A07	NTS57	1	A07	34579544
6	NTS57#1#C06	NTS57	1	C06	53180789
6	QuintaA#1#A07	QuintaA	1	A07	29069541
6	QuintaA#1#C06	QuintaA	1	C06	52702447
6	Shengli3#1#A07	Shengli3	1	A07	32247771
6	Shengli3#1#C06	Shengli3	1	C06	52241597
6	Tapidor3#1#A07	Tapidor3	1	A07	31880213
6	Tapidor3#1#C06	Tapidor3	1	C06	52406678
6	Westar#1#A07	Westar	1	A07	32489665
6	Westar#1#C06	Westar	1	C06	52822278
6	Xiang5A#1#A08	Xiang5A	1	A08	36429853
6	Xiang5A#1#C02	Xiang5A	1	C02	56258359
6	Zheyou73#1#A07	Zheyou73	1	A07	28254355
6	Zheyou73#1#C06	Zheyou73	1	C06	52102359
6	ZS11#1#A07	ZS11	1	A07	32302721
6	ZS11#1#C06	ZS11	1	C06	52512057
6	Zy821#1#A07	Zy821	1	A07	27025451
6	Zy821#1#C06	Zy821	1	C06	46969835
1	BnXiaoyun#1#A01	BnXiaoyun	1	A01	34635626
1	BnXiaoyun#1#C01	BnXiaoyun	1	C01	52028746
1	Da-Ae#1#A01	Da-Ae	1	A01	30963416
1	Da-Ae#1#A01_Random_21	Da-Ae	1	A01_Random_21	6209
1	Da-Ae#1#C01	Da-Ae	1	C01	51431623
1	Darmor#1#A01	Darmor	1	A01	32958928
1	Darmor#1#C01	Darmor	1	C01	48239358
1	Express617#1#A01	Express617	1	A01	29969127
1	Express617#1#C01	Express617	1	C01	44118044
1	GanganF73#1#A01	GanganF73	1	A01	36624584
1	GanganF73#1#C01	GanganF73	1	C01	56937391
1	GH06#1#A01	GH06	1	A01	29205692
1	GH06#1#C01	GH06	1	C01	42688810
1	No2127#1#A01	No2127	1	A01	34418524
1	No2127#1#C01	No2127	1	C01	48500495
1	NTS57#1#A01	NTS57	1	A01	45537780
1	NTS57#1#C01	NTS57	1	C01	55304331
1	QuintaA#1#A01	QuintaA	1	A01	34049429
1	QuintaA#1#C01	QuintaA	1	C01	49844256
1	Shengli3#1#A01	Shengli3	1	A01	36358838
1	Shengli3#1#C01	Shengli3	1	C01	53237480
1	Tapidor3#1#A01	Tapidor3	1	A01	33385296
1	Tapidor3#1#C01	Tapidor3	1	C01	50976155
1	Westar#1#A01	Westar	1	A01	34072108
1	Westar#1#C01	Westar	1	C01	55568513
1	Xiang5A#1#A02	Xiang5A	1	A02	47968916
1	Xiang5A#1#C03	Xiang5A	1	C03	57185290
1	Zheyou73#1#A01	Zheyou73	1	A01	34646657
1	Zheyou73#1#C01	Zheyou73	1	C01	50906239
1	ZS11#1#A01	ZS11	1	A01	38004428
1	ZS11#1#C01	ZS11	1	C01	57880920
1	Zy821#1#A01	Zy821	1	A01	31224987
1	Zy821#1#C01	Zy821	1	C01	44759619
7	BnXiaoyun#1#A08	BnXiaoyun	1	A08	25007917
7	BnXiaoyun#1#C08	BnXiaoyun	1	C08	52175917
7	Da-Ae#1#A01_Random_20	Da-Ae	1	A01_Random_20	13647
7	Da-Ae#1#A08	Da-Ae	1	A08	23154485
7	Da-Ae#1#A08_Random_13	Da-Ae	1	A08_Random_13	28701
7	Da-Ae#1#A08_Random_7	Da-Ae	1	A08_Random_7	44104
7	Da-Ae#1#C08	Da-Ae	1	C08	49204614
7	Darmor#1#A08	Darmor	1	A08	26309499
7	Darmor#1#C08	Darmor	1	C08	41681856
7	Express617#1#A08	Express617	1	A08	22295061
7	Express617#1#C08	Express617	1	C08	52066946
7	GanganF73#1#A08	GanganF73	1	A08	31072007
7	GanganF73#1#C08	GanganF73	1	C08	46677179
7	GH06#1#A08	GH06	1	A08	23155847
7	GH06#1#C08	GH06	1	C08	50234473
7	No2127#1#A08	No2127	1	A08	27050200
7	No2127#1#C08	No2127	1	C08	53895350
7	NTS57#1#A08	NTS57	1	A08	29827296
7	NTS57#1#C08	NTS57	1	C08	53667110
7	QuintaA#1#A08	QuintaA	1	A08	28540401
7	QuintaA#1#C08	QuintaA	1	C08	55907613
7	Shengli3#1#A08	Shengli3	1	A08	30634953
7	Shengli3#1#C08	Shengli3	1	C08	52530734
7	Tapidor3#1#A08	Tapidor3	1	A08	27789865
7	Tapidor3#1#C08	Tapidor3	1	C08	53000817
7	Westar#1#A08	Westar	1	A08	27113445
7	Westar#1#C08	Westar	1	C08	51700037
7	Xiang5A#1#A07	Xiang5A	1	A07	30146539
7	Xiang5A#1#C05	Xiang5A	1	C05	54716376
7	Zheyou73#1#A08	Zheyou73	1	A08	26738762
7	Zheyou73#1#C08	Zheyou73	1	C08	50112630
7	ZS11#1#A08	ZS11	1	A08	28329074
7	ZS11#1#C08	ZS11	1	C08	53660391
7	Zy821#1#A08	Zy821	1	A08	22746540
7	Zy821#1#C08	Zy821	1	C08	50147195
3	BnXiaoyun#1#A04	BnXiaoyun	1	A04	23237007
3	BnXiaoyun#1#C04	BnXiaoyun	1	C04	67961291
3	Da-Ae#1#A04	Da-Ae	1	A04	22079791
3	Da-Ae#1#A04_Random_1	Da-Ae	1	A04_Random_1	54850
3	Da-Ae#1#A04_Random_12	Da-Ae	1	A04_Random_12	7522
3	Da-Ae#1#C04	Da-Ae	1	C04	62924550
3	Darmor#1#A04	Darmor	1	A04	23101715
3	Darmor#1#C04	Darmor	1	C04	65837619
3	Express617#1#A04	Express617	1	A04	22208790
3	Express617#1#C04	Express617	1	C04	56192105
3	Express617#1#R158_chrAC04	Express617	1	R158_chrAC04	1704172
3	Express617#1#R91_chrC04	Express617	1	R91_chrC04	792659
3	GanganF73#1#A04	GanganF73	1	A04	22175112
3	GanganF73#1#C04	GanganF73	1	C04	64192264
3	GH06#1#A04	GH06	1	A04	22113158
3	GH06#1#C04	GH06	1	C04	63593728
3	No2127#1#A04	No2127	1	A04	21150623
3	No2127#1#C04	No2127	1	C04	68372639
3	NTS57#1#A04	NTS57	1	A04	32566576
3	NTS57#1#C04	NTS57	1	C04	72777238
3	QuintaA#1#A04	QuintaA	1	A04	24995428
3	QuintaA#1#C04	QuintaA	1	C04	62271373
3	Shengli3#1#A04	Shengli3	1	A04	17977365
3	Shengli3#1#C04	Shengli3	1	C04	72788439
3	Tapidor3#1#A04	Tapidor3	1	A04	22742991
3	Tapidor3#1#C04	Tapidor3	1	C04	67448363
3	Westar#1#A04	Westar	1	A04	24941254
3	Westar#1#C04	Westar	1	C04	71968714
3	Xiang5A#1#A06	Xiang5A	1	A06	71841889
3	Xiang5A#1#C04	Xiang5A	1	C04	29494782
3	Zheyou73#1#A04	Zheyou73	1	A04	18425376
3	Zheyou73#1#C04	Zheyou73	1	C04	67164483
3	ZS11#1#A04	ZS11	1	A04	25679024
3	ZS11#1#C04	ZS11	1	C04	71179181
3	Zy821#1#A04	Zy821	1	A04	21960219
3	Zy821#1#C04	Zy821	1	C04	64516872
4	BnXiaoyun#1#A05	BnXiaoyun	1	A05	43164121
4	BnXiaoyun#1#C05	BnXiaoyun	1	C05	57601304
4	Da-Ae#1#A05	Da-Ae	1	A05	29228566
4	Da-Ae#1#A05_Random_29	Da-Ae	1	A05_Random_29	12483
4	Da-Ae#1#C05	Da-Ae	1	C05	56537224
4	Da-Ae#1#C05_Random_15	Da-Ae	1	C05_Random_15	11283
4	Da-Ae#1#C05_Random_41	Da-Ae	1	C05_Random_41	42414
4	Darmor#1#A05	Darmor	1	A05	42112164
4	Darmor#1#C05	Darmor	1	C05	56382805
4	Express617#1#A05	Express617	1	A05	29330807
4	Express617#1#C05	Express617	1	C05	46536336
4	Express617#1#R16_chrAC05	Express617	1	R16_chrAC05	2586849
4	Express617#1#R277_chrC05	Express617	1	R277_chrC05	1293109
4	Express617#1#R67_chrAC05	Express617	1	R67_chrAC05	3113226
4	GanganF73#1#A05	GanganF73	1	A05	37886159
4	GanganF73#1#C05	GanganF73	1	C05	59804570
4	GH06#1#A05	GH06	1	A05	24922142
4	GH06#1#C05	GH06	1	C05	55547531
4	No2127#1#A05	No2127	1	A05	42988262
4	No2127#1#C05	No2127	1	C05	59684040
4	NTS57#1#A05	NTS57	1	A05	46137887
4	NTS57#1#C05	NTS57	1	C05	58641767
4	QuintaA#1#A05	QuintaA	1	A05	40081539
4	QuintaA#1#C05	QuintaA	1	C05	57344646
4	Shengli3#1#A05	Shengli3	1	A05	42946112
4	Shengli3#1#C05	Shengli3	1	C05	55526125
4	Tapidor3#1#A05	Tapidor3	1	A05	41389975
4	Tapidor3#1#C05	Tapidor3	1	C05	55324214
4	Westar#1#A05	Westar	1	A05	43898138
4	Westar#1#C05	Westar	1	C05	59594324
4	Xiang5A#1#C01	Xiang5A	1	C01	59361666
4	Xiang5A#1#C07	Xiang5A	1	C07	47115293
4	Zheyou73#1#A05	Zheyou73	1	A05	44454297
4	Zheyou73#1#C05	Zheyou73	1	C05	60477792
4	ZS11#1#A05	ZS11	1	A05	45991561
4	ZS11#1#C05	ZS11	1	C05	59550008
4	Zy821#1#A05	Zy821	1	A05	23599668
4	Zy821#1#C05	Zy821	1	C05	54972174
19	Da-Ae#1#C05_Random_8	Da-Ae	1	C05_Random_8	14735
19	Da-Ae#1#C09_Random_13	Da-Ae	1	C09_Random_13	23961
19	Da-Ae#1#C09_Random_2	Da-Ae	1	C09_Random_2	35800
19	Da-Ae#1#C09_Random_41	Da-Ae	1	C09_Random_41	10828
19	Da-Ae#1#C09_Random_43	Da-Ae	1	C09_Random_43	14644
19	Da-Ae#1#C09_Random_54	Da-Ae	1	C09_Random_54	10976
